URL,H1 Heading
https://www.translations.co.uk/birth-certificate-translator/,4 Tips to Hire a Reliable & Certified UK Birth Certificate Translator
https://www.translations.co.uk/challenges-in-industrial-translation/,Common Challenges In Industrial Translation & How to Avoid Them
https://www.translations.co.uk/minion-language/,The Minion Language: A Dive into its Features and Characteristics
https://www.translations.co.uk/legal-and-ethical-considerations-in-medical-translation/,Legal and Ethical Considerations In Medical Translation Service For UK
https://www.translations.co.uk/concepts-difficult-to-translate/,Translating the Untranslatable
https://www.translations.co.uk/translation-website-for-your-business/,5 Reasons Why You Need a Translation Website for Your Business
https://www.translations.co.uk/academic-transcript/,Academic Transcript: How to Get It From Your University?
https://www.translations.co.uk/driver-and-vehicle-licensing-agency/,All You Need to Know about Driver and Vehicle Licensing Agency UK
https://www.translations.co.uk/history-danish-language/,A History of the Danish Language
https://www.translations.co.uk/business-translation/,The Ultimate Guide on Business Translation
https://www.translations.co.uk/genderless-languages/,What Is There To Know About Genderless Languages
https://www.translations.co.uk/impacting-language-translation-websites/,How Technology Is Impacting Language Translation Websites
https://www.translations.co.uk/history-mandarin-chinese-language/,The History of Mandarin Chinese Language
https://www.translations.co.uk/what-is-correct-english-anyway/,Error: timeout of 5000ms exceeded
https://www.translations.co.uk/an-introduction-to-universal-grammar/,An Introduction to Universal Grammar
https://www.translations.co.uk/emotive-language/,Get A Detailed Knowledge About Emotive Language
https://www.translations.co.uk/an-introduction-to-esperanto/,An Introduction to Esperanto
https://www.translations.co.uk/translation-in-global-ecommerce-expansion/,The Role of Translation in Global Ecommerce Expansion
https://www.translations.co.uk/common-challenges-in-translating-it-documentation/,Know & Conquer the Common Challenges in Translating IT Documentation
https://www.translations.co.uk/it-translation-projects/,Importance of IT Translation Projects Services
https://www.translations.co.uk/media-translation-on-cultural-exchange/,The Impact of Media Translation on Cultural Exchange
https://www.translations.co.uk/history-portuguese-language/,A History of Portuguese Language
https://www.translations.co.uk/emerging-trends-in-media-translation/,Top 10 Emerging Trends in Media Translation
https://www.translations.co.uk/multilingual-it-support-in-enhancing-customer-satisfaction/,Impact of Multilingual IT Support in Enhancing Customer Satisfaction
https://www.translations.co.uk/history-italian-language/,A History of the Italian Language
https://www.translations.co.uk/a-history-of-the-french-language/,A History of the French Language
https://www.translations.co.uk/translation-management-systems/,How to Use Translation Management Systems and What They Are
https://www.translations.co.uk/localised-translation-on-ecommerce-conversion/,The Impact of Localised Translation on Ecommerce Conversion
https://www.translations.co.uk/challenges-and-solutions-in-marriage-certificate/,Top Challenges And Solutions In Marriage Certificate
https://www.translations.co.uk/machine-translation-vs-human-translation-in-it-projects/,Comparing Machine Translation vs Human Translation in IT Projects
https://www.translations.co.uk/translation-in-travel-and-tourism-industry/,Importance of Translation in Travel and Tourism Industry
https://www.translations.co.uk/language-skills/,How to Improve Language Skills in Students & Working Professionals?
https://www.translations.co.uk/comparison-of-industrial-translation/,Comparison of Industrial Translation Rates & Quality of UK Providers
https://www.translations.co.uk/role-of-technology-in-medical-translation/,Role of Technology in Medical Translation: Technology & Healthcare
https://www.translations.co.uk/legal-implications-of-inaccurate-marriage-certificate/,What are the Legal Implications of Inaccurate Marriage Certificate?
https://www.translations.co.uk/birth-certificate-for-uk-visa-application/,Birth Certificate for UK Visa Application: Common Mistakes to Avoid
https://www.translations.co.uk/why-do-some-languages-have-tones/,Why Do Some Languages Have Tones?
https://www.translations.co.uk/nordic-language/,Nordic Language: History and Characteristics
https://www.translations.co.uk/history-german-language/,A History of the German Language
https://www.translations.co.uk/endangered-languages-introduction/,Endangered Languages: An Introduction
https://www.translations.co.uk/constructed-languages/,Constructed Languages
https://www.translations.co.uk/accurate-translation-on-media-perception/,Influence of Accurate Translation on Media Perception
https://www.translations.co.uk/medical-translation-for-uk-hospitals-and-clinics/,Common Challenges In Medical Translation For UK Hospitals And Clinics
https://www.translations.co.uk/technological-innovations-in-marriage-certificate/,Technological Innovations in Marriage Certificate
https://www.translations.co.uk/certified-translators-in-marriage-certificate/,Role of Certified Translators in Marriage Certificate
https://www.translations.co.uk/travel-website-translation/,Travel Website Translation
https://www.translations.co.uk/professional-translations-can-save-money/,Professional Translations Can Save Money – Or Even the World
https://www.translations.co.uk/why-is-leicester-spelled-leicester/,Why is Leicester Spelled ‘Leicester’?
https://www.translations.co.uk/why-does-french-use-both-ne-and-pas-for-negation/,Why does French use Both ‘Ne’ and ‘Pas’ for Negation?
https://www.translations.co.uk/history-dutch-language/,A History of the Dutch Language
https://www.translations.co.uk/importance-of-birth-certificate/,What You Should Know About The Importance Of Birth Certificate
https://www.translations.co.uk/what-is-the-sapir-whorf-hypothesis/,Sapir Whorf Hypothesis
https://www.translations.co.uk/dual-citizenship-uk/,The Complete Guide on Dual Citizenship UK
https://www.translations.co.uk/history-russian-language/,A History of the Russian Language
https://www.translations.co.uk/the-scandinavian-languages/,Scandinavian Languages: Discover Its History and Origin
https://www.translations.co.uk/history-polish-language/,A History of the Polish Language
https://www.translations.co.uk/challenges-and-solutions-in-travel-translation/,Navigating the Challenges and Solutions in Travel Translation
https://www.translations.co.uk/a-history-of-the-spanish-language/,A History of the Spanish Language
https://www.translations.co.uk/how-many-words-do-eskimos-have-for-snow/,How Many Words do Eskimos Have for ‘Snow’?
https://www.translations.co.uk/what-is-a-creole-language/,What is a Creole Language?
https://www.translations.co.uk/the-piraha-a-challenge-to-modern-linguistics/,The Piraha: A Challenge to Modern Linguistics
https://www.translations.co.uk/foreign-driving-licence/,A Guide To Exchange Your Foreign Driving Licence For A UK Licence
https://www.translations.co.uk/international-driving-permit/,International Driving Permit (IDP): Everything You Need To Know
https://www.translations.co.uk/industrial-translation-provider/,How to Choose the Right Industrial Translation Provider in the UK
https://www.translations.co.uk/importance-of-healthcare-translation-services/,Importance Of Healthcare Translation Services
https://www.translations.co.uk/increase-website-traffic-and-conversions/,How Website Translation Can Increase Website Traffic and Conversions
https://www.translations.co.uk/multilingual-ecommerce-websites/,Strategies for Multilingual Ecommerce Websites
